id,lastname
0,smith
1,johnson
2,williams
3,brown
4,jones
5,garcia
6,miller
7,davis
8,rodriguez
9,martinez
10,hernandez
11,lopez
12,gonzalez
13,wilson
14,anderson
15,taylor
16,moore
17,jackson
18,martin
19,lee
20,perez
21,thompson
22,white
23,harris
24,sanchez
25,clark
26,ramirez
27,lewis
28,robinson
29,walker
30,young
31,allen
32,king
33,wright
34,scott
35,torres
36,nguyen
37,hill
38,flores
39,green
40,adams
41,nelson
42,baker
43,hall
44,rivera
45,campbell
46,mitchell
47,carter
48,roberts
49,gomez
50,phillips
51,evans
52,turner
53,diaz
54,parker
55,cruz
56,edwards
57,collins
58,reyes
59,stewart
60,morris
61,morales
62,murphy
63,cook
64,rogers
65,gutierrez
66,ortiz
67,morgan
68,cooper
69,peterson
70,bailey
71,reed
72,kelly
73,howard
74,ramos
75,kim
76,cox
77,ward
78,richardson
79,watson
80,brooks
81,chavez
82,wood
83,james
84,bennett
85,gray
86,mendoza
87,ruiz
88,hughes
89,price
90,alvarez
91,castillo
92,sanders
93,patel
94,myers
95,long
96,ross
97,foster
98,jimenez
99,powell
100,jenkins
101,perry
102,russell
103,sullivan
104,bell
105,coleman
106,butler
107,henderson
108,barnes
109,gonzales
110,fisher
111,vasquez
112,simmons
113,romero
114,jordan
115,patterson
116,alexander
117,hamilton
118,graham
119,reynolds
120,griffin
121,wallace
122,moreno
123,west
124,cole
125,hayes
126,bryant
127,herrera
128,gibson
129,ellis
130,tran
131,medina
132,aguilar
133,stevens
134,murray
135,ford
136,castro
137,marshall
138,owens
139,harrison
140,fernandez
141,mcdonald
142,woods
143,washington
144,kennedy
145,wells
146,vargas
147,henry
148,chen
149,freeman
150,webb
151,tucker
152,guzman
153,burns
154,crawford
155,olson
156,simpson
157,porter
158,hunter
159,gordon
160,mendez
161,silva
162,shaw
163,snyder
164,mason
165,dixon
166,munoz
167,hunt
168,hicks
169,holmes
170,palmer
171,wagner
172,black
173,robertson
174,boyd
175,rose
176,stone
177,salazar
178,fox
179,warren
180,mills
181,meyer
182,rice
183,schmidt
184,garza
185,daniels
186,ferguson
187,nichols
188,stephens
189,soto
190,weaver
191,ryan
192,gardner
193,payne
194,grant
195,dunn
196,kelley
197,spencer
198,hawkins
199,arnold
200,pierce
201,vazquez
202,hansen
203,peters
204,santos
205,hart
206,bradley
207,knight
208,elliott
209,cunningham
210,duncan
211,armstrong
212,hudson
213,carroll
214,lane
215,riley
216,andrews
217,alvarado
218,ray
219,delgado
220,berry
221,perkins
222,hoffman
223,johnston
224,matthews
225,pena
226,richards
227,contreras
228,willis
229,carpenter
230,lawrence
231,sandoval
232,guerrero
233,george
234,chapman
235,rios
236,estrada
237,ortega
238,watkins
239,greene
240,nunez
241,wheeler
242,valdez
243,harper
244,burke
245,larson
246,santiago
247,maldonado
248,morrison
249,franklin
250,carlson
251,austin
252,dominguez
253,carr
254,lawson
255,jacobs
256,obrien
257,lynch
258,singh
259,vega
260,bishop
261,montgomery
262,oliver
263,jensen
264,harvey
265,williamson
266,gilbert
267,dean
268,sims
269,espinoza
270,howell
271,li
272,wong
273,reid
274,hanson
275,le
276,mccoy
277,garrett
278,burton
279,fuller
280,wang
281,weber
282,welch
283,rojas
284,lucas
285,marquez
286,fields
287,park
288,yang
289,little
290,banks
291,padilla
292,day
293,walsh
294,bowman
295,schultz
296,luna
297,fowler
298,mejia
299,davidson
300,acosta
301,brewer
302,may
303,holland
304,juarez
305,newman
306,pearson
307,curtis
308,cortez
309,douglas
310,schneider
311,joseph
312,barrett
313,navarro
314,figueroa
315,keller
316,avila
317,wade
318,molina
319,stanley
320,hopkins
321,campos
322,barnett
323,bates
324,chambers
325,caldwell
326,beck
327,lambert
328,miranda
329,byrd
330,craig
331,ayala
332,lowe
333,frazier
334,powers
335,neal
336,leonard
337,gregory
338,carrillo
339,sutton
340,fleming
341,rhodes
342,shelton
343,schwartz
344,norris
345,jennings
346,watts
347,duran
348,walters
349,cohen
350,mcdaniel
351,moran
352,parks
353,steele
354,vaughn
355,becker
356,holt
357,deleon
358,barker
359,terry
360,hale
361,leon
362,hail
363,benson
364,haynes
365,horton
366,miles
367,lyons
368,pham
369,graves
370,bush
371,thornton
372,wolfe
373,warner
374,cabrera
375,mckinney
376,mann
377,zimmerman
378,dawson
379,lara
380,fletcher
381,page
382,mccarthy
383,love
384,robles
385,cervantes
386,solis
387,erickson
388,reeves
389,chang
390,klein
391,salinas
392,fuentes
393,baldwin
394,daniel
395,simon
396,velasquez
397,hardy
398,higgins
399,aguirre
400,lin
401,cummings
402,chandler
403,sharp
404,barber
405,bowen
406,ochoa
407,dennis
408,robbins
409,liu
410,ramsey
411,francis
412,griffith
413,paul
414,blair
415,oconnor
416,cardenas
417,pacheco
418,cross
419,calderon
420,quinn
421,moss
422,swanson
423,chan
424,rivas
425,khan
426,rodgers
427,serrano
428,fitzgerald
429,rosales
430,stevenson
431,christensen
432,manning
433,gill
434,curry
435,mclaughlin
436,harmon
437,mcgee
438,gross
439,doyle
440,garner
441,newton
442,burgess
443,reese
444,walton
445,blake
446,trujillo
447,adkins
448,brady
449,goodman
450,roman
451,webster
452,goodwin
453,fischer
454,huang
455,potter
456,delacruz
457,montoya
458,todd
459,wu
460,hines
461,mullins
462,castaneda
463,malone
464,cannon
465,tate
466,mack
467,sherman
468,hubbard
469,hodges
470,zhang
471,guerra
472,wolf
473,valencia
474,franco
475,saunders
476,rowe
477,gallagher
478,farmer
479,hammond
480,hampton
481,townsend
482,ingram
483,wise
484,gallegos
485,clarke
486,barton
487,schroeder
488,maxwell
489,waters
490,logan
491,camacho
492,strickland
493,norman
494,person
495,colon
496,parsons
497,frank
498,harrington
499,glover
500,osborne
501,buchanan
502,casey
503,floyd
504,patton
505,ibarra
506,ball
507,tyler
508,suarez
509,bowers
510,orozco
511,salas
512,cobb
513,gibbs
514,andrade
515,bauer
516,conner
517,moody
518,escobar
519,mcguire
520,lloyd
521,mueller
522,hartman
523,french
524,kramer
525,mcbride
526,pope
527,lindsey
528,velazquez
529,norton
530,mccormick
531,sparks
532,flynn
533,yates
534,hogan
535,marsh
536,macias
537,villanueva
538,zamora
539,pratt
540,stokes
541,owen
542,ballard
543,lang
544,brock
545,villarreal
546,charles
547,drake
548,barrera
549,cain
550,patrick
551,pineda
552,burnett
553,mercado
554,santana
555,shepherd
556,bautista
557,ali
558,shaffer
559,lamb
560,trevino
561,mckenzie
562,hess
563,beil
564,olsen
565,cochran
566,morton
567,nash
568,wilkins
569,petersen
570,briggs
571,shah
572,roth
573,nicholson
574,holloway
575,lozano
576,flowers
577,rangel
578,hoover
579,arias
580,short
581,mora
582,valenzuela
583,bryan
584,meyers
585,weiss
586,underwood
587,bass
588,greer
589,summers
590,houston
591,carson
592,morrow
593,clayton
594,whitaker
595,decker
596,yoder
597,collier
598,zuniga
599,carey
600,wilcox
601,melendez
602,poole
603,roberson
604,larsen
605,conley
606,davenport
607,copeland
608,massey
609,lam
610,huff
611,rocha
612,cameron
613,jefferson
614,hood
615,monroe
616,anthony
617,pittman
618,huynh
619,randall
620,singleton
621,kirk
622,combs
623,mathis
624,christian
625,skinner
626,bradford
627,richard
628,galvan
629,wall
630,boone
631,kirby
632,wilkinson
633,bridges
634,bruce
635,atkinson
636,velez
637,meza
638,roy
639,vincent
640,york
641,hodge
642,villa
643,abbott
644,allison
645,tapia
646,gates
647,chase
648,sosa
649,sweeney
650,farrell
651,wyatt
652,dalton
653,horn
654,barron
655,phelps
656,yu
657,dickerson
658,heath
659,foley
660,atkins
661,mathews
662,bonilla
663,acevedo
664,benitez
665,zavala
666,hensley
667,glenn
668,cisneros
669,harrell
670,shields
671,rubio
672,choi
673,huffman
674,boyer
675,garrison
676,arroyo
677,bond
678,kane
679,hancock
680,callahan
681,dillon
682,cline
683,wiggins
684,grimes
685,arellano
686,melton
687,oneill
688,savage
689,ho
690,beltran
691,pitts
692,parrish
693,ponce
694,rich
695,booth
696,koch
697,golden
698,ware
699,brennan
700,mcdowell
701,marks
702,cantu
703,humphrey
704,baxter
705,sawyer
706,clay
707,tanner
708,hutchinson
709,kaur
710,berg
711,wiley
712,gilmore
713,russo
714,villegas
715,hobbs
716,keith
717,wilkerson
718,ahmed
719,beard
720,mcclain
721,montes
722,mata
723,rosario
724,vang
725,walter
726,henson
727,oneal
728,mosley
729,mcclure
730,beasley
731,stephenson
732,snow
733,huerta
734,preston
735,vance
736,barry
737,johns
738,eaton
739,blackwell
740,dyer
741,prince
742,macdonald
743,solomon
744,guevara
745,stafford
746,english
747,hurst
748,woodard
749,cortes
750,shannon
751,kemp
752,nolan
753,mccullough
754,merritt
755,murillo
756,moon
757,salgado
758,strong
759,kline
760,cordova
761,barajas
762,roach
763,rosas
764,winters
765,jacobson
766,lester
767,knox
768,bullock
769,kerr
770,leach
771,meadows
772,davila
773,orr
774,whitehead
775,pruitt
776,kent
777,conway
778,mckee
779,barr
780,david
781,dejesus
782,marin
783,berger
784,mcintyre
785,blankenship
786,gaines
787,palacios
788,cuevas
789,bartlett
790,durham
791,dorsey
792,mccall
793,odonnell
794,stein
795,browning
796,stout
797,lowery
798,sloan
799,mclean
800,hendricks
801,calhoun
802,sexton
803,chung
804,gentry
805,hull
806,duarte
807,ellison
808,nielsen
809,gillespie
810,buck
811,middleton
812,sellers
813,leblanc
814,esparza
815,hardin
816,bradshaw
817,mcintosh
818,howe
819,livingston
820,frost
821,glass
822,morse
823,knapp
824,herman
825,stark
826,bravo
827,noble
828,spears
829,weeks
830,corona
831,frederick
832,buckley
833,mcfarland
834,hebert
835,enriquez
836,hickman
837,quintero
838,randolph
839,schaefer
840,walls
841,trejo
842,house
843,reilly
844,pennington
845,michael
846,conrad
847,giles
848,benjamin
849,crosby
850,fitzpatrick
851,donovan
852,mays
853,mahoney
854,valentine
855,raymond
856,medrano
857,hahn
858,mcmillan
859,small
860,bentley
861,felix
862,peck
863,lucero
864,boyle
865,hanna
866,pace
867,rush
868,hurley
869,harding
870,mcconnell
871,bernal
872,nava
873,ayers
874,everett
875,ventura
876,avery
877,pugh
878,mayer
879,bender
880,shepard
881,mcmahon
882,landry
883,case
884,sampson
885,moses
886,magana
887,blackburn
888,dunlap
889,gould
890,duffy
891,vaughan
892,herring
893,mckay
894,espinosa
895,rivers
896,farley
897,bernard
898,ashley
899,friedman
900,potts
901,truong
902,costa
903,correa
904,blevins
905,nixon
906,clements
907,fry
908,delarosa
909,best
910,benton
911,lugo
912,portillo
913,dougherty
914,crane
915,haley
916,phan
917,villalobos
918,blanchard
919,horne
920,finley
921,quintana
922,lynn
923,esquivel
924,bean
925,dodson
926,mullen
927,xiong
928,hayden
929,cano
930,levy
931,huber
932,richmond
933,moyer
934,lim
935,frye
936,sheppard
937,mccarty
938,avalos
939,booker
940,waller
941,parra
942,woodward
943,jaramillo
944,krueger
945,rasmussen
946,brandt
947,peralta
948,donaldson
949,stuart
950,faulkner
951,maynard
952,galindo
953,coffey
954,estes
955,sanford
956,burch
957,maddox
958,vo
959,oconnell
960,vu
961,andersen
962,spence
963,mcpherson
964,church
965,schmitt
966,stanton
967,leal
968,cherry
969,compton
970,dudley
971,sierra
972,pollard
973,alfaro
974,hester
975,proctor
976,lu
977,hinton
978,novak
979,good
980,madden
981,mccann
982,terrell
983,jarvis
984,dickson
985,reyna
986,cantrell
987,mayo
988,branch
989,hendrix
990,rollins
991,rowland
992,whitney
993,duke
994,odom
995,daugherty
996,travis
997,tang
998,archer
