id,name
0,liam
1,noah
2,william
3,james
4,logan
5,benjamin
6,mason
7,elijah
8,oliver
9,jacob
10,lucas
11,michael
12,alexander
13,ethan
14,daniel
15,matthew
16,aiden
17,henry
18,joseph
19,jackson
20,samuel
21,sebastian
22,david
23,carter
24,wyatt
25,jayden
26,john
27,owen
28,dylan
29,luke
30,gabriel
31,anthony
32,isaac
33,grayson
34,jack
35,julian
36,levi
37,christopher
38,joshua
39,andrew
40,lincoln
41,mateo
42,ryan
43,jaxon
44,nathan
45,aaron
46,isaiah
47,thomas
48,charles
49,caleb
50,josiah
51,christian
52,hunter
53,eli
54,jonathan
55,connor
56,landon
57,adrian
58,asher
59,cameron
60,leo
61,theodore
62,jeremiah
63,hudson
64,robert
65,easton
66,nolan
67,nicholas
68,ezra
69,colton
70,angel
71,brayden
72,jordan
73,dominic
74,austin
75,ian
76,adam
77,elias
78,jaxson
79,greyson
80,jose
81,ezekiel
82,carson
83,evan
84,maverick
85,bryson
86,jace
87,cooper
88,xavier
89,parker
90,roman
91,jason
92,santiago
93,chase
94,sawyer
95,gavin
96,leonardo
97,kayden
98,ayden
99,jameson
100,kevin
101,bentley
102,zachary
103,everett
104,axel
105,tyler
106,micah
107,vincent
108,weston
109,miles
110,wesley
111,nathaniel
112,harrison
113,brandon
114,cole
115,declan
116,luis
117,braxton
118,damian
119,silas
120,tristan
121,ryder
122,bennett
123,george
124,emmett
125,justin
126,kai
127,max
128,diego
129,luca
130,ryker
131,carlos
132,maxwell
133,kingston
134,ivan
135,maddox
136,juan
137,ashton
138,jayce
139,rowan
140,kaiden
141,giovanni
142,eric
143,jesus
144,calvin
145,abel
146,king
147,camden
148,amir
149,blake
150,alex
151,brody
152,malachi
153,emmanuel
154,jonah
155,beau
156,jude
157,antonio
158,alan
159,elliott
160,elliot
161,waylon
162,xander
163,timothy
164,victor
165,bryce
166,finn
167,brantley
168,edward
169,abraham
170,patrick
171,grant
172,karter
173,hayden
174,richard
175,miguel
176,joel
177,gael
178,tucker
179,rhett
180,avery
181,steven
182,graham
183,kaleb
184,jasper
185,jesse
186,matteo
187,dean
188,zayden
189,preston
190,august
191,oscar
192,jeremy
193,alejandro
194,marcus
195,dawson
196,lorenzo
197,messiah
198,zion
199,maximus
200,river
201,zane
202,mark
203,brooks
204,nicolas
205,paxton
206,judah
207,emiliano
208,kaden
209,bryan
210,kyle
211,myles
212,peter
213,charlie
214,kyrie
215,thiago
216,brian
217,kenneth
218,andres
219,lukas
220,aidan
221,jax
222,caden
223,milo
224,paul
225,beckett
226,brady
227,colin
228,omar
229,bradley
230,javier
231,knox
232,jaden
233,barrett
234,israel
235,matias
236,jorge
237,zander
238,derek
239,josue
240,cayden
241,holden
242,griffin
243,arthur
244,leon
245,felix
246,remington
247,jake
248,killian
249,clayton
250,sean
251,adriel
252,riley
253,archer
254,legend
255,erick
256,enzo
257,corbin
258,francisco
259,dallas
260,emilio
261,gunner
262,simon
263,andre
264,walter
265,damien
266,chance
267,phoenix
268,colt
269,tanner
270,stephen
271,kameron
272,tobias
273,manuel
274,amari
275,emerson
276,louis
277,cody
278,finley
279,iker
280,martin
281,rafael
282,nash
283,beckham
284,cash
285,karson
286,rylan
287,reid
288,theo
289,ace
290,eduardo
291,spencer
292,raymond
293,maximiliano
294,anderson
295,ronan
296,lane
297,cristian
298,titus
299,travis
300,jett
301,ricardo
302,bodhi
303,gideon
304,jaiden
305,fernando
306,mario
307,conor
308,keegan
309,ali
310,cesar
311,ellis
312,jayceon
313,walker
314,cohen
315,arlo
316,hector
317,dante
318,kyler
319,garrett
320,donovan
321,seth
322,jeffrey
323,tyson
324,jase
325,desmond
326,caiden
327,gage
328,atlas
329,major
330,devin
331,edwin
332,angelo
333,orion
334,conner
335,julius
336,marco
337,jensen
338,daxton
339,peyton
340,zayn
341,collin
342,jaylen
343,dakota
344,prince
345,johnny
346,kayson
347,cruz
348,hendrix
349,atticus
350,troy
351,kane
352,edgar
353,sergio
354,kash
355,marshall
356,johnathan
357,romeo
358,shane
359,warren
360,joaquin
361,wade
362,leonel
363,trevor
364,dominick
365,muhammad
366,erik
367,odin
368,quinn
369,jaxton
370,dalton
371,nehemiah
372,frank
373,grady
374,gregory
375,andy
376,solomon
377,malik
378,rory
379,clark
380,reed
381,harvey
382,zayne
383,jay
384,jared
385,noel
386,shawn
387,fabian
388,ibrahim
389,adonis
390,ismael
391,pedro
392,leland
393,malakai
394,malcolm
395,alexis
396,kason
397,porter
398,sullivan
399,raiden
400,allen
401,ari
402,russell
403,princeton
404,winston
405,kendrick
406,roberto
407,lennox
408,hayes
409,finnegan
410,nasir
411,kade
412,nico
413,emanuel
414,landen
415,moises
416,ruben
417,hugo
418,abram
419,adan
420,khalil
421,zaiden
422,augustus
423,marcos
424,philip
425,phillip
426,cyrus
427,esteban
428,braylen
429,albert
430,bruce
431,kamden
432,lawson
433,jamison
434,sterling
435,damon
436,gunnar
437,kyson
438,luka
439,franklin
440,ezequiel
441,pablo
442,derrick
443,zachariah
444,cade
445,jonas
446,dexter
447,kolton
448,remy
449,hank
450,tate
451,trenton
452,kian
453,drew
454,mohamed
455,dax
456,rocco
457,bowen
458,mathias
459,ronald
460,francis
461,matthias
462,milan
463,maximilian
464,royce
465,skyler
466,corey
467,kasen
468,drake
469,gerardo
470,jayson
471,sage
472,braylon
473,benson
474,moses
475,alijah
476,rhys
477,otto
478,oakley
479,armando
480,jaime
481,nixon
482,saul
483,scott
484,brycen
485,ariel
486,enrique
487,donald
488,chandler
489,asa
490,eden
491,davis
492,keith
493,frederick
494,rowen
495,lawrence
496,leonidas
497,aden
498,julio
499,darius
500,johan
501,deacon
502,cason
503,danny
504,nikolai
505,taylor
506,alec
507,royal
508,armani
509,kieran
510,luciano
511,omari
512,rodrigo
513,arjun
514,ahmed
515,brendan
516,cullen
517,raul
518,raphael
519,ronin
520,brock
521,pierce
522,alonzo
523,casey
524,dillon
525,uriel
526,dustin
527,gianni
528,roland
529,landyn
530,kobe
531,dorian
532,emmitt
533,ryland
534,apollo
535,aarav
536,roy
537,duke
538,quentin
539,sam
540,lewis
541,tony
542,uriah
543,dennis
544,moshe
545,isaias
546,braden
547,quinton
548,cannon
549,ayaan
550,mathew
551,kellan
552,niko
553,edison
554,izaiah
555,jerry
556,gustavo
557,jamari
558,marvin
559,mauricio
560,ahmad
561,mohammad
562,justice
563,trey
564,elian
565,mohammed
566,sincere
567,yusuf
568,arturo
569,callen
570,rayan
571,keaton
572,wilder
573,mekhi
574,memphis
575,cayson
576,conrad
577,kaison
578,kyree
579,soren
580,colby
581,bryant
582,lucian
583,alfredo
584,cassius
585,marcelo
586,nikolas
587,brennan
588,darren
589,jasiah
590,jimmy
591,lionel
592,reece
593,ty
594,chris
595,forrest
596,korbin
597,tatum
598,jalen
599,santino
600,case
601,leonard
602,alvin
603,issac
604,bo
605,quincy
606,mack
607,samson
608,rex
609,alberto
610,callum
611,curtis
612,hezekiah
613,finnley
614,briggs
615,kamari
616,zeke
617,raylan
618,neil
619,titan
620,julien
621,kellen
622,devon
623,kylan
624,roger
625,axton
626,carl
627,douglas
628,larry
629,crosby
630,fletcher
631,makai
632,nelson
633,hamza
634,lance
635,alden
636,gary
637,wilson
638,alessandro
639,ares
640,kashton
641,bruno
642,jakob
643,stetson
644,zain
645,cairo
646,nathanael
647,byron
648,harry
649,harley
650,mitchell
651,maurice
652,orlando
653,kingsley
654,kaysen
655,sylas
656,trent
657,ramon
658,boston
659,lucca
660,noe
661,jagger
662,reyansh
663,vihaan
664,randy
665,thaddeus
666,lennon
667,kannon
668,kohen
669,tristen
670,valentino
671,maxton
672,salvador
673,abdiel
674,langston
675,rohan
676,kristopher
677,yosef
678,rayden
679,lee
680,callan
681,tripp
682,deandre
683,joe
684,morgan
685,dariel
686,colten
687,reese
688,jedidiah
689,ricky
690,bronson
691,terry
692,eddie
693,jefferson
694,lachlan
695,layne
696,clay
697,madden
698,jamir
699,tomas
700,kareem
701,stanley
702,brayan
703,amos
704,kase
705,kristian
706,clyde
707,ernesto
708,tommy
709,casen
710,ford
711,crew
712,braydon
713,brecken
714,hassan
715,axl
716,boone
717,leandro
718,samir
719,jaziel
720,magnus
721,abdullah
722,yousef
723,branson
724,jadiel
725,jaxen
726,layton
727,franco
728,ben
729,grey
730,kelvin
731,chaim
732,demetrius
733,blaine
734,ridge
735,colson
736,melvin
737,anakin
738,aryan
739,lochlan
740,jon
741,canaan
742,dash
743,zechariah
744,alonso
745,otis
746,zaire
747,marcel
748,brett
749,stefan
750,aldo
751,jeffery
752,baylor
753,talon
754,dominik
755,flynn
756,carmelo
757,dane
758,jamal
759,kole
760,enoch
761,graysen
762,kye
763,vicente
764,fisher
765,ray
766,fox
767,jamie
768,rey
769,zaid
770,allan
771,emery
772,gannon
773,joziah
774,rodney
775,juelz
776,sonny
777,terrance
778,zyaire
779,augustine
780,cory
781,felipe
782,aron
783,jacoby
784,harlan
785,marc
786,bobby
787,joey
788,anson
789,huxley
790,marlon
791,anders
792,guillermo
793,payton
794,castiel
795,damari
796,shepherd
797,azariah
798,harold
799,harper
800,henrik
801,houston
802,kairo
803,willie
804,elisha
805,ameer
806,emory
807,skylar
808,sutton
809,alfonso
810,brentley
811,toby
812,blaze
813,eugene
814,shiloh
815,wayne
816,darian
817,gordon
818,london
819,bodie
820,jordy
821,jermaine
822,denver
823,gerald
824,merrick
825,musa
826,vincenzo
827,kody
828,yahir
829,brodie
830,trace
831,darwin
832,tadeo
833,bentlee
834,billy
835,hugh
836,reginald
837,vance
838,westin
839,cain
840,arian
841,dayton
842,javion
843,terrence
844,brysen
845,jaxxon
846,thatcher
847,landry
848,rene
849,westley
850,miller
851,alvaro
852,cristiano
853,eliseo
854,ephraim
855,adrien
856,jerome
857,khalid
858,aydin
859,mayson
860,alfred
861,duncan
862,junior
863,kendall
864,zavier
865,koda
866,maison
867,caspian
868,maxim
869,kace
870,zackary
871,rudy
872,coleman
873,keagan
874,kolten
875,maximo
876,dario
877,davion
878,kalel
879,briar
880,jairo
881,misael
882,rogelio
883,terrell
884,heath
885,micheal
886,wesson
887,aaden
888,brixton
889,draven
890,xzavier
891,darrell
892,keanu
893,ronnie
894,konnor
895,will
896,dangelo
897,frankie
898,kamryn
899,salvatore
900,santana
901,shaun
902,coen
903,leighton
904,mustafa
905,reuben
906,ayan
907,blaise
908,dimitri
909,keenan
910,van
911,achilles
912,channing
913,ishaan
914,wells
915,benton
916,lamar
917,nova
918,yahya
919,dilan
920,gibson
921,camdyn
922,ulises
923,alexzander
924,valentin
925,shepard
926,alistair
927,eason
928,kaiser
929,leroy
930,zayd
931,camilo
932,markus
933,foster
934,davian
935,dwayne
936,jabari
937,judson
938,koa
939,yehuda
940,lyric
941,tristian
942,agustin
943,bridger
944,vivaan
945,brayson
946,emmet
947,marley
948,mike
949,nickolas
950,kenny
951,leif
952,bjorn
953,ignacio
954,rocky
955,chad
956,gatlin
957,greysen
958,kyng
959,randall
960,reign
961,vaughn
962,jessie
963,louie
964,shmuel
965,zahir
966,ernest
967,javon
968,khari
969,reagan
970,avi
971,ira
972,ledger
973,simeon
974,yadiel
975,maddux
976,seamus
977,jad
978,jeremias
979,kylen
980,rashad
981,santos
982,cedric
983,craig
984,dominique
985,gianluca
986,jovanni
987,bishop
988,brenden
989,anton
990,camron
991,giancarlo
992,lyle
993,alaric
994,decker
995,eliezer
996,ramiro
997,yisroel
998,howard
999,jaxx
